"SYMBOL","COMPANY","NAME(S) OF THE ACQUIRER AND ITS (PAC)","DATE OF ACQUISITION / SALE OF SHARES / VR / DATE OF RECEIPT OF INTIMATION OF","TOTAL ACQUISTION (SHARES/VOTING RIGHTS/WARRANTS/ CONVERTIBLE SECURITIES/ ANY OTHER INSTRUMENT)","TOTAL SALE (SHARES/VOTING RIGHTS/WARRANTS/ CONVERTIBLE SECURITIES/ANY OTHER INSTRUMENT)","TOTAL AFTER ACQUISITION/SALE (SHARES/VOTING RIGHTS/WARRANTS/ CONVERTIBLE SECURITIES/ANY OTHER INSTRUMENT)","REGULATION","BROADCAST DATE/ TIME","DISSEMINATION","DIFFERENCE"
"IRB","IRB Infrastructure Developers Limited","Cintra INR Investments B V","11-JUN-2024 to 11-JUN-2024",,"301950000","1199642120","Reg29(2)","12-Jun-2024, 20-49","12-Jun-2024 20:51","00:02:02"
"ITDCEM","ITD Cementation India Limited","MASSACHUSETTS INSTITUTE OF TECHNOLOGY ALONG WITH PAC","11-JUN-2024 to 11-JUN-2024",,"250000","10172000","Reg29(2)","12-Jun-2024, 20-49","12-Jun-2024 20:49","00:00:57"
"RPPL","Rajshree Polypack Limited","Ramswaroop Radheshyam Thard alongwith PAC","11-JUN-2024 to 11-JUN-2024",,"25000","5841574","Reg29(2)","12-Jun-2024, 20-48","12-Jun-2024 20:49","00:01:53"
"USHAMART","Usha Martin Limited","Nidhi Rajgarhia","11-JUN-2024 to 11-JUN-2024",,"2000","269000","Reg29(2)","12-Jun-2024, 20-47","12-Jun-2024 20:47","00:00:48"
"TCNSBRANDS","TCNS Clothing Co. Limited","TA FDI Investors Ltd","11-JUN-2024 to 12-JUN-2024",,"1860000","8082539","Reg29(2)","12-Jun-2024, 19-40","12-Jun-2024 19:41","00:00:60"
"ROHLTD","Royal Orchid Hotels Limited","Mr. Chander k baljee","11-JUN-2024 to 11-JUN-2024","12149",,"10768744","Reg29(2)","12-Jun-2024, 19-39","12-Jun-2024 19:41","00:01:58"
"CIGNITITEC","Cigniti Technologies Limited","RAJASTHAN GLOBAL SECURITIES PRIVATE LIMITED","12-JUN-2024 to 12-JUN-2024","100779",,"1943331","Reg29(2)","12-Jun-2024, 19-39","12-Jun-2024 19:39","00:00:56"
"MWL","Mangalam Worldwide Limited","Omprakash Mangal","10-JUN-2024 to 11-JUN-2024",,"45600","411800","Reg29(2)","12-Jun-2024, 19-38","12-Jun-2024 19:39","00:01:47"
"AGARWALFT","Agarwal Float Glass India Limited","Uma Shankar Agarwal","11-JUN-2024 to 11-JUN-2024",,"39000","4817473","Reg29(2)","12-Jun-2024, 19-37","12-Jun-2024 19:37","00:00:47"
"MSPL","MSP Steel & Power Limited","Procheta Consultants Private ltd","06-JUN-2024 to 06-JUN-2024","11555000",,"11555000","Reg29(2)","12-Jun-2024, 19-36","12-Jun-2024 19:37","00:01:38"
"JSLL","Jeena Sikho Lifecare Limited","Mr. Manish Grover & Bhavna Grover","07-JUN-2024 to 07-JUN-2024",,"514440","16350408","Reg29(2)","12-Jun-2024, 19-35","12-Jun-2024 19:35","00:00:31"
"ACLGATI","Allcargo Gati Limited","Equity Intelligence India Pvt Ltd","10-JUN-2024 to 10-JUN-2024",,"877806","3776120","Reg29(2)","12-Jun-2024, 19-34","12-Jun-2024 19:35","00:01:25"
"NCLIND","NCL Industries Limited","NCL Buildtek ltd","10-JUN-2024 to 10-JUN-2024","438744",,"438744","Reg29(2)","12-Jun-2024, 19-33","12-Jun-2024 19:33","00:00:18"
"JASH","Jash Engineering Limited","Rhutvik Patel","10-JUN-2024 to 11-JUN-2024",,"1795","16963","Reg29(2)","12-Jun-2024, 16-35","12-Jun-2024 16:35","00:00:34"
"USHAMART","Usha Martin Limited","Peterhouse Investments India Ltd","11-JUN-2024 to 11-JUN-2024",,"200000","13916529","Reg29(2)","12-Jun-2024, 16-34","12-Jun-2024 16:35","00:01:26"
"BAJAJELEC","Bajaj Electricals Limited","Norges Bank","04-JUN-2024 to 04-JUN-2024",,"82000","3772939","Reg29(2)","12-Jun-2024, 16-33","12-Jun-2024 16:33","00:00:24"
"MPHASIS","MphasiS Limited","DB International Trust Limited","10-JUN-2024 to 10-JUN-2024",,"28500000","76382441","Reg29(2)","12-Jun-2024, 16-32","12-Jun-2024 16:33","00:01:12"
"BCLIND","Bcl Industries Limited","Sara Garg","04-JUN-2024 to 04-JUN-2024","4000000",,"6000000","Reg29(2)","12-Jun-2024, 16-31","12-Jun-2024 16:31","00:00:10"
"STEELCITY","Steel City Securities Limited","Kamireddi Satyanarayana","10-JUN-2024 to 10-JUN-2024","2000",,"1256446","Reg29(2)","12-Jun-2024, 16-30","12-Jun-2024 16:31","00:01:05"
"ADVENZYMES","Advanced Enzyme Technologies Limited","Advanced Vital Enzymes Private Limited","10-JUN-2024 to 10-JUN-2024",,"77000","355600","Reg29(2)","12-Jun-2024, 16-29","12-Jun-2024 16:29","00:00:08"
"KCEIL","Kay Cee Energy & Infra Limited","Priyanshu Jain","10-JUN-2024 to 10-JUN-2024","500",,"8000","Reg29(2)","12-Jun-2024, 16-28","12-Jun-2024 16:29","00:00:59"
"NCLIND","NCL Industries Limited","Penmetsa Narasimha Raju","14-MAY-2024 to 14-MAY-2024",,"30000","785010","Reg29(2)","12-Jun-2024, 16-28","12-Jun-2024 16:29","00:01:51"
"VAISHALI","Vaishali Pharma Limited","JAGRUTI ATUL VASANI","07-JUN-2024 to 07-JUN-2024","200000",,"679992","Reg29(2)","12-Jun-2024, 16-27","12-Jun-2024 16:27","00:00:49"
"INDIGO","InterGlobe Aviation Limited","InterGlobe Enterprises Private Limited alongwith PAC","11-JUN-2024 to 11-JUN-2024",,"7719573","137987201","Reg29(2)","12-Jun-2024, 16-26","12-Jun-2024 16:27","00:01:40"
"GRMOVER","GRM Overseas Limited","Atul Garg alongwith PAC","10-JUN-2024 to 10-JUN-2024","73000",,"43371984","Reg29(2)","12-Jun-2024, 16-25","12-Jun-2024 16:25","00:00:37"
"LUMAXTECH","Lumax Auto Technologies Limited","DSP Trustee Private Limited on behalf of schemes of DSP Mutual Fund (Buyer)","07-JUN-2024 to 07-JUN-2024","41514",,"6418378","Reg29(2)","12-Jun-2024, 16-24","12-Jun-2024 16:25","00:01:32"
"KCEIL","Kay Cee Energy & Infra Limited","PRJYANSHU JAIN","10-JUN-2024 to 10-JUN-2024","500",,"8000","Reg29(2)","11-Jun-2024, 20-16","11-Jun-2024 20:17","00:01:21"
"KCEIL","Kay Cee Energy & Infra Limited","Khushboo Gandhi","10-JUN-2024 to 10-JUN-2024","500",,"500","Reg29(2)","11-Jun-2024, 20-15","11-Jun-2024 20:15","00:00:16"
"SKIL","SKIL Infrastructure Limited","Dilip Madhavji Thakkar","10-JUN-2024 to 10-JUN-2024","111006",,"16834129","Reg29(2)","11-Jun-2024, 20-14","11-Jun-2024 20:15","00:01:14"
"INDIGO","InterGlobe Aviation Limited","InterGlobe Enterprises Pvt Ltd","11-JUN-2024 to 11-JUN-2024",,"7719573","137987201","Reg29(2)","11-Jun-2024, 20-13","11-Jun-2024 20:13","00:00:10"
"NIBL","NRB Industrial Bearings Limited","Jasmine Sahney","11-JUN-2024 to 11-JUN-2024",,"2000","241447","Reg29(2)","11-Jun-2024, 20-12","11-Jun-2024 20:13","00:01:01"
"NIBL","NRB Industrial Bearings Limited","Anjana Milind Thakker","11-JUN-2024 to 11-JUN-2024",,"2000","303506","Reg29(2)","11-Jun-2024, 20-11","11-Jun-2024 20:13","00:01:56"
"JSLL","Jeena Sikho Lifecare Limited","Mr. Manish Grover & Bhavna Grover","07-JUN-2024 to 07-JUN-2024",,"514440","16350408","Reg29(2)","11-Jun-2024, 20-10","11-Jun-2024 20:11","00:00:57"
"RPPL","Rajshree Polypack Limited","Ramswaroop Radheshyam Thard alongwith PAC","10-JUN-2024 to 10-JUN-2024",,"75000","5866574","Reg29(2)","11-Jun-2024, 20-10","11-Jun-2024 20:11","00:01:48"
"AKSHOPTFBR","Aksh Optifibre Limited","Dr. Kailash Shantilal  Choudhari","07-JUN-2024 to 10-JUN-2024",,"246159","17061232","Reg29(2)","11-Jun-2024, 20-09","11-Jun-2024 20:09","00:00:47"
"ASHOKAMET","Ashoka Metcast Limited","Aarem Insights Private Ltd","06-JUN-2024 to 11-JUN-2024",,"953478","681200","Reg29(2)","11-Jun-2024, 20-08","11-Jun-2024 20:09","00:01:42"
"RPPL","Rajshree Polypack Limited","Naresh Radheshyam Thard.","07-JUN-2024 to 10-JUN-2024",,"75000","4788589","Reg29(2)","11-Jun-2024, 20-07","11-Jun-2024 20:07","00:00:42"
"MTARTECH","Mtar Technologies Limited","Mitta Madhavi","10-JUN-2024 to 10-JUN-2024","225000",,"1430983","Reg29(2)","11-Jun-2024, 20-06","11-Jun-2024 20:07","00:01:35"
"SPYL","Shekhawati Poly-Yarn Limited","SKI Buildcon Private Limited","11-JUN-2024 to 11-JUN-2024","266217",,"34000000","Reg29(2)","11-Jun-2024, 17-07","11-Jun-2024 17:07","00:00:41"
"AGARWALFT","Agarwal Float Glass India Limited","Uma Shankar Agarwal","10-JUN-2024 to 10-JUN-2024",,"39000","4856473","Reg29(2)","11-Jun-2024, 17-06","11-Jun-2024 17:07","00:01:36"
"PASHUPATI","Pashupati Cotspin Limited","Pashupati Texspin Export LLp","10-JUN-2024 to 10-JUN-2024",,"68800","884000","Reg29(2)","11-Jun-2024, 17-05","11-Jun-2024 17:05","00:00:33"
"RPPL","Rajshree Polypack Limited","Naresh Radheshyam Thard along with pac","10-JUN-2024 to 10-JUN-2024",,"75000","4788589","Reg29(2)","11-Jun-2024, 17-04","11-Jun-2024 17:05","00:01:24"
"JASH","Jash Engineering Limited","Girish Patel","07-JUN-2024 to 07-JUN-2024",,"5000","396603","Reg29(2)","11-Jun-2024, 17-03","11-Jun-2024 17:03","00:00:24"
"KCEIL","Kay Cee Energy & Infra Limited","Lokendra Jain","10-JUN-2024 to 10-JUN-2024","11000",,"7572000","Reg29(2)","11-Jun-2024, 17-02","11-Jun-2024 17:03","00:01:18"
"MTARTECH","Mtar Technologies Limited","K Shalini","10-JUN-2024 to 10-JUN-2024",,"450000","305483","Reg29(2)","11-Jun-2024, 17-01","11-Jun-2024 17:01","00:00:17"
"MTARTECH","Mtar Technologies Limited","A Manogna","10-JUN-2024 to 10-JUN-2024","225000",,"1411889","Reg29(2)","11-Jun-2024, 17-00","11-Jun-2024 17:01","00:01:08"
"PASHUPATI","Pashupati Cotspin Limited","Pashupati Texspin Export LLp","07-JUN-2024 to 07-JUN-2024",,"69600","952800","Reg29(2)","11-Jun-2024, 16-59","11-Jun-2024 17:01","00:02:00"
"KANANIIND","Kanani Industries Limited","Mr. Harshil Premjibhai Kanani","10-JUN-2024 to 10-JUN-2024",,"4800000","106516554","Reg29(2)","11-Jun-2024, 16-59","11-Jun-2024 16:59","00:00:48"
"LAURUSLABS","Laurus Labs Limited","Mirae Assete Mutual Fund","05-JUN-2024 to 05-JUN-2024","424675",,"27399507","Reg29(1)","11-Jun-2024, 16-20","11-Jun-2024 16:21","00:01:16"
"SALZERELEC","Salzer Electronics Limited","D Rajeshkumar","28-MAY-2024 to 28-MAY-2024","300000",,"6786791","Reg29(2)","11-Jun-2024, 16-15","11-Jun-2024 16:15","00:00:38"
"HOMEFIRST","Home First Finance Company India Limited","Funds under the management of FMR LLC and its direct and indirect subsidiaries and  FIL Limited and its direct and indirect subsidiaries","04-JUN-2024 to 04-JUN-2024","11487",,"4433770","Reg29(1)","11-Jun-2024, 16-11","11-Jun-2024 16:13","00:01:58"
"BTML","Bodhi Tree Multimedia Limited","Mr. Mautik Ajit Tolia","05-JUN-2024 to 05-JUN-2024","500",,"44010250","Reg29(2)","11-Jun-2024, 16-05","11-Jun-2024 16:05","00:00:36"
"GOKUL","Gokul Refoils and Solvent Limited","Arjunsinh Rajput","03-JUN-2024 to 03-JUN-2024","160438",,"1360869","Reg29(1)","11-Jun-2024, 16-03","11-Jun-2024 16:03","00:00:40"
"INDOCO","Indoco Remedies Limited","Ms. Aditi M Panandikar","31-MAY-2024 to 31-MAY-2024","9200",,"5601200","Reg29(2)","11-Jun-2024, 15-05","11-Jun-2024 15:05","00:00:22"
"GHCL","GHCL Limited","Neelabh Dalmia","04-JUN-2024 to 04-JUN-2024","501",,"122201","Reg29(2)","11-Jun-2024, 15-01","11-Jun-2024 15:01","00:00:54"
"SBCL","Shivalik Bimetal Controls Limited","TSL Holdings Private Ltd","04-JUN-2024 to 04-JUN-2024","4000",,"3379400","Reg29(2)","11-Jun-2024, 14-51","11-Jun-2024 14:51","00:00:09"
"SBCL","Shivalik Bimetal Controls Limited","TSL Holdings Private Ltd","03-JUN-2024 to 03-JUN-2024","4800",,"3375400","Reg29(2)","11-Jun-2024, 14-44","11-Jun-2024 14:45","00:01:53"
"SNOWMAN","Snowman Logistics Limited","Gateway Distriparks Ltd","05-JUN-2024 to 05-JUN-2024","562081",,"76675326","Reg29(2)","11-Jun-2024, 14-39","11-Jun-2024 14:39","00:00:50"
"GOKUL","Gokul Refoils and Solvent Limited","Arjunsinh Rajput","03-JUN-2024 to 03-JUN-2024","160438",,"1360869","Reg29(2)","11-Jun-2024, 14-36","11-Jun-2024 14:37","00:01:38"
"SHRENIK","Shrenik Limited","Shrenik Vimawala","21-MAY-2024 to 22-MAY-2024",,"400000","186382762","Reg29(2)","11-Jun-2024, 14-33","11-Jun-2024 14:33","00:00:26"
"OMAXE","Omaxe Limited","Vistra ITCl ( India) Ltd","04-JUN-2024 to 04-JUN-2024",,"14942000","685000","Reg29(2)","11-Jun-2024, 14-30","11-Jun-2024 14:31","00:00:57"
"SPYL","Shekhawati Poly-Yarn Limited","Mukesh Ramniranjan Ruia","01-JUN-2024 to 01-JUN-2024","0",,"198254255","Reg29(2)","11-Jun-2024, 14-28","11-Jun-2024 14:29","00:01:51"
"RELIGARE","Religare Enterprises Limited","Plutus Wealth Management LLP","26-DEC-2023 to 03-JUN-2024","500","8376545","14623955","Reg29(2)","11-Jun-2024, 14-24","11-Jun-2024 14:25","00:01:28"
"MTARTECH","Mtar Technologies Limited","P Leelavathi Reddy","08-JUN-2024 to 08-JUN-2024","200000",,"921712","Reg29(2)","11-Jun-2024, 12-53","11-Jun-2024 12:53","00:00:39"
"SEPC","SEPC Limited","SBICAP  Trustee Company Ltd","07-JUN-2024 to 07-JUN-2024",,"37656904","1372156729","Reg29(2)","11-Jun-2024, 12-52","11-Jun-2024 12:53","00:01:20"
"MTARTECH","Mtar Technologies Limited","P Leelavathi Reddy","08-JUN-2024 to 08-JUN-2024","100000",,"1021712","Reg29(2)","11-Jun-2024, 12-51","11-Jun-2024 12:51","00:00:11"
"SUULD","Suumaya Industries Limited","Ushik Mahesh Gala","06-JUN-2024 to 07-JUN-2024",,"7958652","1738680","Reg29(2)","11-Jun-2024, 12-51","11-Jun-2024 12:51","00:00:56"
"MSPL","MSP Steel & Power Limited","Procheta Consultants Private ltd","06-JUN-2024 to 06-JUN-2024","11555000",,"11555000","Reg29(2)","11-Jun-2024, 12-50","11-Jun-2024 12:51","00:01:45"
"SUDARSCHEM","Sudarshan Chemical Industries Limited","HDFC Mutual Fund","07-JUN-2024 to 07-JUN-2024","1168345",,"4291859","Reg29(1)","11-Jun-2024, 12-49","11-Jun-2024 12:49","00:00:38"
"MTARTECH","Mtar Technologies Limited","P Kalpana Reddy","08-JUN-2024 to 08-JUN-2024",,"100000","874000","Reg29(2)","11-Jun-2024, 12-48","11-Jun-2024 12:49","00:01:30"
"NIBL","NRB Industrial Bearings Limited","Jasmine Sahney","10-JUN-2024 to 10-JUN-2024",,"3000","243447","Reg29(2)","10-Jun-2024, 19-54","10-Jun-2024 19:55","00:01:08"
"STEELCITY","Steel City Securities Limited","Dr. PYLA MADHU","06-JUN-2024 to 10-JUN-2024","3145",,"68897","Reg29(2)","10-Jun-2024, 19-53","10-Jun-2024 19:55","00:01:57"
"RPPL","Rajshree Polypack Limited","Naresh Radheshyam Thard along with pac","07-JUN-2024 to 07-JUN-2024",,"50000","4863589","Reg29(2)","10-Jun-2024, 19-53","10-Jun-2024 19:53","00:00:55"
"GOODLUCK","Goodluck India Limited","M CGarg and Sons HUF","07-JUN-2024 to 07-JUN-2024","0",,"18762539","Reg29(2)","10-Jun-2024, 19-52","10-Jun-2024 19:53","00:01:48"
"NIBL","NRB Industrial Bearings Limited","Anjana Milind Thakker","10-JUN-2024 to 10-JUN-2024",,"3000","305506","Reg29(2)","10-Jun-2024, 19-51","10-Jun-2024 19:51","00:00:45"
"SPYL","Shekhawati Poly-Yarn Limited","SKI Buildcon Private Limited","10-JUN-2024 to 10-JUN-2024","15012",,"33733783","Reg29(2)","10-Jun-2024, 19-50","10-Jun-2024 19:51","00:01:41"
"SHUBHLAXMI","Shubhlaxmi Jewel Art Limited","Soham Narendrasinh Chauhan","07-JUN-2024 to 07-JUN-2024",,"55000","1014000","Reg29(2)","10-Jun-2024, 19-49","10-Jun-2024 19:49","00:00:38"
"AUROPHARMA","Aurobindo Pharma Limited","Kirthi Reddy Kambam","07-JUN-2024 to 07-JUN-2024",,"200000","20250000","Reg29(2)","10-Jun-2024, 19-48","10-Jun-2024 19:49","00:01:31"
"BAJAJELEC","Bajaj Electricals Limited","Norges Bank","04-JUN-2024 to 04-JUN-2024",,"82000","3772939","Reg29(2)","10-Jun-2024, 19-47","10-Jun-2024 19:47","00:00:29"
"SPYL","Shekhawati Poly-Yarn Limited","SKI Buildcon Private Limited","07-JUN-2024 to 07-JUN-2024","718771",,"33718771","Reg29(1)","10-Jun-2024, 19-46","10-Jun-2024 19:47","00:01:24"
"GHCLTEXTIL","Ghcl Textiles Limited","Neelabh Dalmia","04-JUN-2024 to 04-JUN-2024","501",,"168651","Reg29(2)","10-Jun-2024, 19-45","10-Jun-2024 19:45","00:00:20"
"RELIGARE","Religare Enterprises Limited","Plutus Wealth Management LLP","27-DEC-2023 to 03-JUN-2024",,"7550291","15450209","Reg29(2)","10-Jun-2024, 19-44","10-Jun-2024 19:45","00:01:12"
"APLAPOLLO","APL Apollo Tubes Limited","Sanjay Gupta","19-MAY-2024 to 07-JUN-2024",,"345465","4535","Reg29(2)","10-Jun-2024, 17-23","10-Jun-2024 17:23","00:00:38"
"SEAMECLTD","Seamec Limited","Hal Offshore Limited","06-JUN-2024 to 06-JUN-2024","10000",,"17885694","Reg29(2)","10-Jun-2024, 17-22","10-Jun-2024 17:23","00:01:36"
"KCEIL","Kay Cee Energy & Infra Limited","Lokendra Jain","07-JUN-2024 to 07-JUN-2024","5000",,"7561000","Reg29(2)","10-Jun-2024, 17-21","10-Jun-2024 17:21","00:00:36"
"IMFA","Indian Metals & Ferro Alloys Limited","Fox Consulting Services Pte Ltd","05-JUN-2024 to 05-JUN-2024",,"8916","12987","Reg29(2)","10-Jun-2024, 17-20","10-Jun-2024 17:21","00:01:33"
"AIIL","Authum Investment & Infrastructure Limited","Mentor Capital Limited","06-JUN-2024 to 06-JUN-2024","396873",,"16390936","Reg29(2)","10-Jun-2024, 17-19","10-Jun-2024 17:19","00:00:30"
"HERITGFOOD","Heritage Foods Limited","DSP Trustee Private Ltd on behalf of Scheme of DSP Mutual Fund","04-JUN-2024 to 04-JUN-2024",,"1035068","2508278","Reg29(2)","10-Jun-2024, 17-18","10-Jun-2024 17:19","00:01:22"
"SENCO","Senco Gold Limited","Mrs. Suvankar Sen","05-JUN-2024 to 05-JUN-2024","1130",,"11893458","Reg29(2)","10-Jun-2024, 17-17","10-Jun-2024 17:17","00:00:20"
"REMUS","Remus Pharmaceuticals Limited","Dhruvalben V. Shah","03-JUN-2024 to 03-JUN-2024",,"375","0","Reg29(2)","10-Jun-2024, 17-16","10-Jun-2024 17:17","00:01:14"
"PONNIERODE","Ponni Sugars (Erode) Limited","Gothic Corporation","06-JUN-2024 to 06-JUN-2024",,"273000","266450","Reg29(2)","10-Jun-2024, 17-15","10-Jun-2024 17:15","00:00:15"
"VMART","V-Mart Retail Limited","ICICI Prudential Mutual Fund","17-DEC-2021 to 06-JUN-2024",,"453006","551904","Reg29(2)","10-Jun-2024, 17-14","10-Jun-2024 17:15","00:01:12"
"INFOBEAN","InfoBeans Techno. Ltd.","Priyansh Jain","06-JUN-2024 to 06-JUN-2024","1700000",,"1700000","Reg29(1)","10-Jun-2024, 17-13","10-Jun-2024 17:13","00:00:14"
"GOKUL","Gokul Refoils and Solvent Limited","Arjunsinh Rajput","06-JUN-2024 to 06-JUN-2024","300000",,"2800431","Reg29(2)","10-Jun-2024, 17-12","10-Jun-2024 17:13","00:01:07"
"SEAMECLTD","Seamec Limited","Hal Offshore Limited","07-JUN-2024 to 07-JUN-2024","4000",,"17889694","Reg29(2)","10-Jun-2024, 17-11","10-Jun-2024 17:11","00:00:07"
"SUDARSCHEM","Sudarshan Chemical Industries Limited","Ajay B Rathi","07-JUN-2024 to 07-JUN-2024",,"1175325","0","Reg29(2)","10-Jun-2024, 17-10","10-Jun-2024 17:11","00:00:59"
"ARMANFIN","Arman Financial Services Limited","Elevation Capital V Limited","06-JUN-2024 to 06-JUN-2024",,"278417","1319530","Reg29(2)","10-Jun-2024, 16-22","10-Jun-2024 16:23","00:01:27"
"STEELCITY","Steel City Securities Limited","Satish Kumar Arya","06-JUN-2024 to 07-JUN-2024","5100",,"1660309","Reg29(2)","10-Jun-2024, 16-21","10-Jun-2024 16:21","00:00:27"
"SULA","Sula Vineyards Limited","Rajeev Samant","06-JUN-2024 to 06-JUN-2024",,"25000","20703764","Reg29(2)","10-Jun-2024, 16-20","10-Jun-2024 16:21","00:01:18"
"PONNIERODE","Ponni Sugars (Erode) Limited","Seshasayee Paper and Boards Limited","04-JUN-2024 to 04-JUN-2024","1102",,"2361362","Reg29(2)","10-Jun-2024, 16-19","10-Jun-2024 16:19","00:00:18"
"INFOBEAN","InfoBeans Techno. Ltd.","Mitesh Bohra","29-MAY-2024 to 29-MAY-2024",,"1700000","3312650","Reg29(2)","10-Jun-2024, 16-18","10-Jun-2024 16:19","00:01:13"
"AKG","Akg Exim Limited","MLH Ventures LLP","29-MAY-2024 to 06-JUN-2024",,"101000","17480018","Reg29(2)","10-Jun-2024, 16-17","10-Jun-2024 16:17","00:00:15"
"INFOBEAN","InfoBeans Techno. Ltd.","Priyansh Jain","29-MAY-2024 to 29-MAY-2024","1700000",,"1700000","Reg29(1)","10-Jun-2024, 16-16","10-Jun-2024 16:17","00:01:12"
"BOROSCI","Borosil Scientific Limited","Pradeep Kumar Kheruka alongwith PAC","08-DEC-2023 to 07-JUN-2024","60311412",,"60311412","Reg29(1)","10-Jun-2024, 16-15","10-Jun-2024 16:15","00:00:13"
"NIBL","NRB Industrial Bearings Limited","Jasmine Sahney","06-JUN-2024 to 06-JUN-2024",,"1800","248447","Reg29(2)","10-Jun-2024, 16-14","10-Jun-2024 16:15","00:01:06"
"ASHIMASYN","Ashima Limited","Shefali Chintan Parikh alongwith PAC","06-JUN-2024 to 06-JUN-2024","28740000",,"29047157","Reg29(2)","10-Jun-2024, 16-13","10-Jun-2024 16:15","00:01:57"
"NIBL","NRB Industrial Bearings Limited","Anjana Milind Thakker","06-JUN-2024 to 06-JUN-2024",,"1800","308506","Reg29(2)","10-Jun-2024, 16-12","10-Jun-2024 16:13","00:00:58"
"POKARNA","Pokarna Limited","Kotak Mahindra Mutual Fund","04-JUN-2024 to 04-JUN-2024","189123",,"2322572","Reg29(2)","10-Jun-2024, 16-12","10-Jun-2024 16:13","00:01:53"
"ADVENZYMES","Advanced Enzyme Technologies Limited","Advanced Vital Enzymes Private Ltd","07-JUN-2024 to 07-JUN-2024",,"55009","432600","Reg29(2)","10-Jun-2024, 16-11","10-Jun-2024 16:11","00:00:49"
"ASHIMASYN","Ashima Limited","Chintan Navnitlal Parikh alongwith PAC","06-JUN-2024 to 06-JUN-2024",,"28740000","111795678","Reg29(2)","10-Jun-2024, 16-11","10-Jun-2024 16:11","00:00:49"
"MTARTECH","Mtar Technologies Limited","Saranya Loka Reddy alongwith PAC","06-JUN-2024 to 07-JUN-2024",,"190000","799666","Reg29(2)","10-Jun-2024, 15-53","10-Jun-2024 15:53","00:00:51"
"KCEIL","Kay Cee Energy & Infra Limited","Lokendra Jain","07-JUN-2024 to 07-JUN-2024","5000",,"7561000","Reg29(2)","10-Jun-2024, 15-45","10-Jun-2024 15:45","00:00:16"
"BAHETI","Baheti Recycling Industries Limited","Shankerlal Bansilal Shah","03-JUN-2024 to 03-JUN-2024","60000",,"2944000","Reg29(2)","10-Jun-2024, 15-41","10-Jun-2024 15:43","00:02:01"
"KANANIIND","Kanani Industries Limited","Mr. Harshil Premjibhai Kanani","06-JUN-2024 to 06-JUN-2024",,"1000000","111316554","Reg29(2)","10-Jun-2024, 15-40","10-Jun-2024 15:41","00:01:06"
"ATLANTAA","ATLANTAA LIMITED","Rajhoo Ambalal Bbarot","03-JUN-2024 to 03-JUN-2024","2951",,"10148059","Reg29(2)","10-Jun-2024, 15-39","10-Jun-2024 15:41","00:02:02"
"DEVIT","Dev Information Technology Limited","LT-1 Inc. alongwith PAC","03-JUN-2024 to 03-JUN-2024","960",,"848990","Reg29(2)","10-Jun-2024, 15-38","10-Jun-2024 15:39","00:00:60"
"ATLANTAA","ATLANTAA LIMITED","SHREE VAIBHAVLAKSHMI PROPERTIES PRIVATE LIMITED","05-JUN-2024 to 05-JUN-2024","130000",,"130000","Reg29(2)","10-Jun-2024, 15-38","10-Jun-2024 15:39","00:01:51"
"USHAMART","Usha Martin Limited","Peterhouse Investments India Ltd","05-JUN-2024 to 05-JUN-2024",,"75000","14116529","Reg29(2)","10-Jun-2024, 15-37","10-Jun-2024 15:37","00:00:46"
"GOKUL","Gokul Refoils and Solvent Limited","Arjunsinh Rajput","04-JUN-2024 to 04-JUN-2024","1139562",,"2500431","Reg29(1)","10-Jun-2024, 15-36","10-Jun-2024 15:37","00:01:42"
"INFOBEAN","InfoBeans Techno. Ltd.","Priyansh Jain","06-JUN-2024 to 06-JUN-2024","1700000",,"1700000","Reg29(1)","10-Jun-2024, 15-35","10-Jun-2024 15:35","00:00:39"
"GOKUL","Gokul Refoils and Solvent Limited","Arjunsinh Rajput","03-JUN-2024 to 03-JUN-2024","160438",,"1360869","Reg29(2)","10-Jun-2024, 15-35","10-Jun-2024 15:35","00:00:44"
"KOTAKBANK","Kotak Mahindra Bank Limited","SBI Mutual Fund under its various schemes","05-JUN-2024 to 05-JUN-2024","2157984",,"99682468","Reg29(1)","10-Jun-2024, 15-34","10-Jun-2024 15:35","00:01:39"
"GOKUL","Gokul Refoils and Solvent Limited","Arjunsinh Rajput","03-JUN-2024 to 03-JUN-2024","160438",,"1360869","Reg29(1)","10-Jun-2024, 15-33","10-Jun-2024 15:33","00:00:38"
"THOMASCOTT","Thomas Scott (India) Limited","Brijgopal Bang","21-MAY-2024 to 21-MAY-2024","0",,"7660356","Reg29(2)","10-Jun-2024, 15-32","10-Jun-2024 15:33","00:01:29"
"CIGNITITEC","Cigniti Technologies Limited","RAJASTHAN GLOBAL SECURITIES PRIVATE LIMITED","06-JUN-2024 to 06-JUN-2024","55212",,"1391806","Reg29(1)","10-Jun-2024, 15-31","10-Jun-2024 15:31","00:00:26"
"RGL","Renaissance Global Limited","Jyotsna Mahendra Shah","05-JUN-2024 to 05-JUN-2024",,"1418000","320","Reg29(2)","10-Jun-2024, 15-30","10-Jun-2024 15:31","00:01:13"
"SUDARSCHEM","Sudarshan Chemical Industries Limited","Ajay B Rathi","05-JUN-2024 to 05-JUN-2024",,"673660","0","Reg29(2)","10-Jun-2024, 15-29","10-Jun-2024 15:29","00:00:09"
"IMFA","Indian Metals & Ferro Alloys Limited","Fox Consulting Services Pte Ltd","06-JUN-2024 to 06-JUN-2024",,"12987","0","Reg29(2)","10-Jun-2024, 15-18","10-Jun-2024 15:19","00:01:50"
"CCCL","Consolidated Construction Consortium Limited","S. Sivaramakrishnan and R. Sarabeswar","24-MAY-2024 to 24-MAY-2024","416473",,"235326353","Reg29(2)","10-Jun-2024, 13-30","10-Jun-2024 13:31","00:01:20"
"PONNIERODE","Ponni Sugars (Erode) Limited","Seshasayee paper and Boards Ltd","04-JUN-2024 to 04-JUN-2024","1102",,"2361362","Reg29(2)","10-Jun-2024, 13-19","10-Jun-2024 13:21","00:01:57"
"THOMASCOTT","Thomas Scott (India) Limited","Brijgopal bang","23-APR-2024 to 23-APR-2024","0",,"3306900","Reg29(2)","10-Jun-2024, 13-19","10-Jun-2024 13:19","00:00:50"
"PONNIERODE","Ponni Sugars (Erode) Limited","Seshasayee paper and Boards Ltd","06-JUN-2024 to 06-JUN-2024","420000",,"2781362","Reg29(2)","10-Jun-2024, 13-18","10-Jun-2024 13:19","00:01:47"
"AMIABLE","Amiable Logistics (India) Limited","Ami Mange","06-JUN-2024 to 06-JUN-2024","1600",,"398000","Reg29(2)","10-Jun-2024, 13-17","10-Jun-2024 13:17","00:00:45"
"MFSL","Max Financial Services Limited","Mirae Assete Mutual Fund","05-JUN-2024 to 05-JUN-2024",,"229800","11282239","Reg29(2)","10-Jun-2024, 13-16","10-Jun-2024 13:17","00:01:38"
"DLF","DLF Limited","Invesco Ltd","03-JUN-2024 to 03-JUN-2024",,"131675","87583304","Reg29(2)","10-Jun-2024, 13-15","10-Jun-2024 13:15","00:00:36"
"INFOBEAN","InfoBeans Techno. Ltd.","Siddharth Sethi.","04-JUN-2024 to 05-JUN-2024","200",,"6007600","Reg29(2)","10-Jun-2024, 13-14","10-Jun-2024 13:15","00:01:27"
"RGL","Renaissance Global Limited","Bhupen  C Shah","03-JUN-2024 to 03-JUN-2024","10105",,"2680000","Reg29(1)","10-Jun-2024, 13-13","10-Jun-2024 13:13","00:00:23"
"SENCO","Senco Gold Limited","Saif  Partners India IV Limited","05-JUN-2024 to 05-JUN-2024",,"2291405","5136058","Reg29(2)","10-Jun-2024, 13-12","10-Jun-2024 13:13","00:01:13"
"SUULD","Suumaya Industries Limited","Ishita Mahesh Gala","03-JUN-2024 to 03-JUN-2024",,"185018","3840960","Reg29(2)","10-Jun-2024, 13-11","10-Jun-2024 13:13","00:02:01"
"BCLIND","Bcl Industries Limited","Sara Garg","04-JUN-2024 to 04-JUN-2024","4000000",,"6000000","Reg29(2)","10-Jun-2024, 13-11","10-Jun-2024 13:11","00:00:47"
"INFOBEAN","InfoBeans Techno. Ltd.","Priyansh Jain","06-JUN-2024 to 06-JUN-2024","1700000",,"1700000","Reg29(2)","10-Jun-2024, 12-57","10-Jun-2024 12:57","00:00:51"
"SEAMECLTD","Seamec Limited","HAL Offshore Limited alongwith PAC","07-JUN-2024 to 07-JUN-2024","4000",,"17889694","Reg29(2)","10-Jun-2024, 12-38","10-Jun-2024 12:39","00:01:26"
"TIJARIA","Tijaria Polypipes Limited","NAV Capital VCC - NAV Capital Emerging Star Fund","27-MAY-2024 to 27-MAY-2024","1492812",,"1492812","Reg29(1)","10-Jun-2024, 12-32","10-Jun-2024 12:33","00:01:25"
"MTARTECH","Mtar Technologies Limited","Saranya Loka Reddy alongwith PAC","08-JUN-2024 to 08-JUN-2024",,"200000","599666","Reg29(2)","10-Jun-2024, 12-12","10-Jun-2024 12:13","00:01:24"
"SULA","Sula Vineyards Limited","Mr. Rajeev Samant","07-JUN-2024 to 07-JUN-2024",,"3776","20699988","Reg29(2)","10-Jun-2024, 11-59","10-Jun-2024 11:59","00:00:14"
"NIBL","NRB Industrial Bearings Limited","Jasmine Sahney","07-JUN-2024 to 07-JUN-2024",,"2000","246447","Reg29(2)","10-Jun-2024, 11-52","10-Jun-2024 11:53","00:01:05"
"LINC","Linc Limited","Deepak Jalan","07-JUN-2024 to 07-JUN-2024",,"5000","440302","Reg29(2)","10-Jun-2024, 11-44","10-Jun-2024 11:45","00:01:50"
"LINC","Linc Limited","Suraj Mal Jalan","07-JUN-2024 to 07-JUN-2024","5000",,"5000","Reg29(2)","10-Jun-2024, 11-31","10-Jun-2024 11:31","00:00:32"
"INFOBEAN","InfoBeans Techno. Ltd.","Mitesh Bohra","06-JUN-2024 to 06-JUN-2024",,"1700000","3312650","Reg29(2)","10-Jun-2024, 11-26","10-Jun-2024 11:27","00:01:13"
"SANDHAR","Sandhar Technologies Limited","Jayant Davar","04-JUN-2024 to 04-JUN-2024","785950",,"33056928","Reg29(2)","07-Jun-2024, 18-47","07-Jun-2024 18:48","00:00:09"
"HGS","Hinduja Global Solutions Limited","Hinduja Group Ltd./Hinduja Realty Ventures Ltd","04-JUN-2024 to 04-JUN-2024",,"1160000","605862","Reg29(2)","07-Jun-2024, 18-45","07-Jun-2024 18:46","00:00:14"
"V2RETAIL","V2 Retail Limited","Vishal Waterworld Private Ltd","05-JUN-2024 to 05-JUN-2024","7082",,"18781029","Reg29(2)","07-Jun-2024, 18-44","07-Jun-2024 18:44","00:00:08"
"HERITGFOOD","Heritage Foods Limited","DSP Trustee Private Ltd on behalf of Scheme of DSP Mutual Fund","04-JUN-2024 to 04-JUN-2024",,"1035068","2508278","Reg29(2)","07-Jun-2024, 18-33","07-Jun-2024 18:34","00:00:36"
"PFOCUS","Prime Focus Limited","Sheen Metals and Finvest Private Limited","04-JUN-2024 to 04-JUN-2024",,"21100000","0","Reg29(2)","07-Jun-2024, 18-10","07-Jun-2024 18:12","00:01:14"
"RGL","Renaissance Global Limited","Niranjan A shah","05-JUN-2024 to 05-JUN-2024","1418000",,"1801755","Reg29(1)","07-Jun-2024, 18-08","07-Jun-2024 18:10","00:01:11"
"JINDALSAW","Jindal Saw Limited","Shradha Jatia","04-JUN-2024 to 04-JUN-2024","19004",,"901000","Reg29(2)","07-Jun-2024, 18-06","07-Jun-2024 18:06","00:00:09"
"LINCOLN","Lincoln Pharmaceuticals Limited","Munjal Mahendrabhai Patel","04-JUN-2024 to 04-JUN-2024","13500",,"2678800","Reg29(2)","07-Jun-2024, 17-51","07-Jun-2024 17:52","00:00:40"
"SHUBHLAXMI","Shubhlaxmi Jewel Art Limited","Soham Narendrasinh Chauhan","05-JUN-2024 to 05-JUN-2024",,"50000","1119000","Reg29(2)","07-Jun-2024, 17-44","07-Jun-2024 17:46","00:02:03"
"ENTERO","Entero Healthcare Solutions Limited","Catalyst Trusteeship Limited","31-MAY-2024 to 03-JUN-2024","0",,"6025320","Reg29(2)","07-Jun-2024, 17-36","07-Jun-2024 17:38","00:01:35"
"SHUBHLAXMI","Shubhlaxmi Jewel Art Limited","Soham Narendrasinh Chauhan","03-JUN-2024 to 03-JUN-2024",,"55000","1169000","Reg29(2)","07-Jun-2024, 17-27","07-Jun-2024 17:28","00:00:41"
"SANDHAR","Sandhar Technologies Limited","Santosh Davar","04-JUN-2024 to 04-JUN-2024",,"785950","0","Reg29(2)","07-Jun-2024, 15-20","07-Jun-2024 15:22","00:01:56"
"SEAMECLTD","Seamec Limited","Hal Offshore Limited","03-JUN-2024 to 03-JUN-2024","8719",,"17830694","Reg29(2)","07-Jun-2024, 12-30","07-Jun-2024 12:32","00:01:18"
"VISHNUINFR","Vishnusurya Projects and Infra Limited","AUTHUM INVESTMENT & INFRASTRUCTURE LIMITED","28-MAY-2024 to 28-MAY-2024",,,"2580000","Reg29(2)","07-Jun-2024, 12-28","07-Jun-2024 12:30","00:01:57"
"JASH","Jash Engineering Limited","Tushar Kharpade","31-MAY-2024 to 31-MAY-2024",,"500","0","Reg29(2)","07-Jun-2024, 12-24","07-Jun-2024 12:26","00:01:20"
"PONNIERODE","Ponni Sugars (Erode) Limited","Seshasayee paper and Boards Ltd","04-JUN-2024 to 04-JUN-2024","1102",,"2361722","Reg29(2)","07-Jun-2024, 12-21","07-Jun-2024 12:22","00:00:53"
"SNOWMAN","Snowman Logistics Limited","Gateway Distriparks Ltd","04-JUN-2024 to 04-JUN-2024","525000",,"76113245","Reg29(2)","07-Jun-2024, 12-19","07-Jun-2024 12:20","00:00:25"
"REMUS","Remus Pharmaceuticals Limited","Renosen Pharmaceuticals Private Ltd","04-JUN-2024 to 04-JUN-2024","525",,"11575","Reg29(2)","07-Jun-2024, 12-12","07-Jun-2024 12:14","00:01:25"
"USHAMART","Usha Martin Limited","Peterhouse Investments India Ltd","03-JUN-2024 to 03-JUN-2024",,"125000","14191529","Reg29(2)","07-Jun-2024, 12-07","07-Jun-2024 12:08","00:00:29"
"TITAGARH","TITAGARH RAIL SYSTEMS LIMITED","SMALLCAP World Fund, Inc.","03-JUN-2024 to 03-JUN-2024",,"2329280","5270720","Reg29(2)","07-Jun-2024, 12-02","07-Jun-2024 12:04","00:01:36"
"TCI","Transport Corporation of India Limited","Bhoruka Supply Chain Solutions Holdings ltd","04-JUN-2024 to 04-JUN-2024","10000",,"34424424","Reg29(2)","07-Jun-2024, 11-59","07-Jun-2024 12:00","00:00:50"
"THERMAX","Thermax Limited","Kotak Mahindra Mutual Fund","03-JUN-2024 to 03-JUN-2024",,"25000","5942054","Reg29(2)","07-Jun-2024, 11-54","07-Jun-2024 11:56","00:01:23"
"SHRENIK","Shrenik Limited","Shrenik Vimawala","23-MAY-2024 to 31-MAY-2024",,"800000","186782762","Reg29(2)","07-Jun-2024, 11-50","07-Jun-2024 11:52","00:01:15"
"YASHO","Yasho Industries Limited","Dishit Jhaveri alongwith PAC","04-JUN-2024 to 04-JUN-2024","227984",,"455968","Reg29(2)","07-Jun-2024, 11-44","07-Jun-2024 11:44","00:00:08"
"RGL","Renaissance Global Limited","Pallavi Amit Shah","03-JUN-2024 to 03-JUN-2024",,"670000","0","Reg29(2)","07-Jun-2024, 11-41","07-Jun-2024 11:42","00:00:27"
"YASHO","Yasho Industries Limited","Parag Jhaveri alongwith PAC","04-JUN-2024 to 04-JUN-2024",,"227984","1283023","Reg29(2)","07-Jun-2024, 11-36","07-Jun-2024 11:38","00:01:44"
"LINC","Linc Limited","Ekta jalan","04-JUN-2024 to 04-JUN-2024","5000",,"484839","Reg29(2)","07-Jun-2024, 11-32","07-Jun-2024 11:34","00:01:46"
"RGL","Renaissance Global Limited","Amit C shah","03-JUN-2024 to 03-JUN-2024",,"670000","0","Reg29(2)","07-Jun-2024, 11-24","07-Jun-2024 11:26","00:01:50"
"INDOCO","Indoco Remedies Limited","Aditi Milind Panandikar","04-JUN-2024 to 04-JUN-2024","7300",,"5608500","Reg29(2)","07-Jun-2024, 11-19","07-Jun-2024 11:20","00:00:55"
"SEAMECLTD","Seamec Limited","Hal Offshore Limited","04-JUN-2024 to 04-JUN-2024","45000",,"17875694","Reg29(2)","07-Jun-2024, 11-15","07-Jun-2024 11:16","00:00:28"
"SKIL","SKIL Infrastructure Limited","Dilip Madhavji Thakkar","03-JUN-2024 to 03-JUN-2024","20000",,"16723123","Reg29(2)","07-Jun-2024, 11-12","07-Jun-2024 11:14","00:02:01"
"MANAPPURAM","Manappuram Finance Limited","V. P. Nandakumar","04-JUN-2024 to 04-JUN-2024","150000",,"245804221","Reg29(2)","07-Jun-2024, 11-08","07-Jun-2024 11:10","00:01:34"
"KANANIIND","Kanani Industries Limited","Mr. Harshil Premjibhai Kanani","04-JUN-2024 to 04-JUN-2024",,"875402","112316554","Reg29(2)","07-Jun-2024, 11-03","07-Jun-2024 11:04","00:00:54"
"PAISALO","Paisalo Digital Limited","EQUILIBRATED VENTURE CFLOW (P) LTD.","04-JUN-2024 to 04-JUN-2024","1125000",,"125240882","Reg29(2)","07-Jun-2024, 11-01","07-Jun-2024 11:02","00:00:43"
"RGL","Renaissance Global Limited","Jyotsna Mahendra Shah","03-JUN-2024 to 03-JUN-2024",,"670000","1418320","Reg29(2)","07-Jun-2024, 10-57","07-Jun-2024 10:58","00:00:11"
"PAISALO","Paisalo Digital Limited","EQUILIBRATED VENTURE CFLOW (P) LTD.","04-JUN-2024 to 04-JUN-2024","1125000",,"125240882","Reg29(2)","07-Jun-2024, 10-55","07-Jun-2024 10:56","00:00:19"
"SEAMECLTD","Seamec Limited","Hal Offshore Limited","04-JUN-2024 to 04-JUN-2024","45000",,"17875694","Reg29(2)","07-Jun-2024, 10-52","07-Jun-2024 10:54","00:01:32"
"RGL","Renaissance Global Limited","Niranjan A shah","03-JUN-2024 to 03-JUN-2024",,"10105","383755","Reg29(2)","07-Jun-2024, 10-46","07-Jun-2024 10:48","00:01:28"
"KAMOPAINTS","Kamdhenu Ventures Limited","Aidos India Fund Limited","31-MAY-2024 to 31-MAY-2024",,"201650","1087974","Reg29(2)","06-Jun-2024, 19-20","06-Jun-2024 19:22","00:01:59"
"KAMOPAINTS","Kamdhenu Ventures Limited","Minerva Emerging Opportunities Fund Ltd","31-MAY-2024 to 31-MAY-2024",,"485000","1365000","Reg29(2)","06-Jun-2024, 19-15","06-Jun-2024 19:16","00:00:28"
"AKG","Akg Exim Limited","Mahima Goel","28-MAY-2024 to 28-MAY-2024",,"800000","17581018","Reg29(2)","06-Jun-2024, 19-07","06-Jun-2024 19:08","00:00:54"
"KFINTECH","Kfin Technologies Limited","Abrdn Asia Limited","30-MAY-2024 to 30-MAY-2024","3359100",,"14857842","Reg29(2)","06-Jun-2024, 19-06","06-Jun-2024 19:08","00:01:46"
"SHOPERSTOP","Shoppers Stop Limited","Ravi Chandru Raheja","30-MAY-2024 to 30-MAY-2024","22664",,"1366291","Reg29(2)","06-Jun-2024, 19-03","06-Jun-2024 19:04","00:00:28"
"USHAMART","Usha Martin Limited","Nidhi Rajgarhia","31-MAY-2024 to 31-MAY-2024",,"5250","271000","Reg29(2)","06-Jun-2024, 19-02","06-Jun-2024 19:04","00:01:56"
"SHOPERSTOP","Shoppers Stop Limited","Palm Shelter Estate Development LLP","30-MAY-2024 to 30-MAY-2024","2",,"8977560","Reg29(2)","06-Jun-2024, 19-01","06-Jun-2024 19:02","00:00:23"
"MOLDTECH","Mold-Tek Technologies Limited","Lakshmana Rao Janumahanti","31-MAY-2024 to 31-MAY-2024","0",,"14108718","Reg29(2)","06-Jun-2024, 18-59","06-Jun-2024 19:00","00:00:35"
"MWL","Mangalam Worldwide Limited","Omprakash Mangal","31-MAY-2024 to 31-MAY-2024",,"8400","457400","Reg29(2)","06-Jun-2024, 18-56","06-Jun-2024 18:58","00:01:14"
"RELINFRA","Reliance Infrastructure Limited","Reliance Commercial Finance Ltd","28-MAY-2024 to 28-MAY-2024",,"44341194","4867475","Reg29(2)","06-Jun-2024, 18-56","06-Jun-2024 18:58","00:01:29"
"SHOPERSTOP","Shoppers Stop Limited","Neel Chandra raheja","30-MAY-2024 to 30-MAY-2024","22664",,"2610000","Reg29(2)","06-Jun-2024, 18-53","06-Jun-2024 18:54","00:00:36"
"SHOPERSTOP","Shoppers Stop Limited","K Raheja Corp Private Ltd","30-MAY-2024 to 30-MAY-2024","2645",,"4311458","Reg29(2)","06-Jun-2024, 18-51","06-Jun-2024 18:52","00:00:26"
"SHOPERSTOP","Shoppers Stop Limited","Anbee Constructions LLP","30-MAY-2024 to 30-MAY-2024","2025",,"13333944","Reg29(2)","06-Jun-2024, 18-49","06-Jun-2024 18:50","00:00:13"
"SDBL","Som Distilleries & Breweries Limited","Jagdish Kumar Aroora","03-JUN-2024 to 03-JUN-2024","20000",,"68801171","Reg29(2)","06-Jun-2024, 18-46","06-Jun-2024 18:48","00:01:53"
"LINCOLN","Lincoln Pharmaceuticals Limited","Munjal Mahendrabhai Patel","31-MAY-2024 to 03-JUN-2024","35000",,"2665300","Reg29(2)","06-Jun-2024, 18-41","06-Jun-2024 18:42","00:00:45"
"TEAMLEASE","Teamlease Services Limited","Franklin Templeton Mutual Fund (through its various schemes)","03-JUN-2024 to 03-JUN-2024","6544",,"1575646","Reg29(2)","06-Jun-2024, 18-38","06-Jun-2024 18:40","00:01:49"
"SANGINITA","Sanginita Chemicals Limited","Dineshsinh B Chavada, Hansaben D Chavada, Vijaysinh  D Chavda","01-JUN-2024 to 01-JUN-2024","1381600",,"11781711","Reg29(2)","06-Jun-2024, 18-32","06-Jun-2024 18:34","00:01:56"
"SBCL","Shivalik Bimetal Controls Limited","M/s TSL Holdings Private Ltd","03-JUN-2024 to 03-JUN-2024","4800",,"3375400","Reg29(2)","06-Jun-2024, 18-26","06-Jun-2024 18:28","00:01:25"
"SULA","Sula Vineyards Limited","Mr. Rajeev Samant","03-JUN-2024 to 03-JUN-2024",,"251000","20753764","Reg29(2)","06-Jun-2024, 18-22","06-Jun-2024 18:24","00:01:49"
"FIEMIND","Fiem Industries Limited","Rahul Jain alongwith PACs","03-JUN-2024 to 03-JUN-2024",,"500000","2751336","Reg29(2)","06-Jun-2024, 18-18","06-Jun-2024 18:20","00:01:41"
"NIBL","NRB Industrial Bearings Limited","Anjana Milind Thakker","03-JUN-2024 to 03-JUN-2024",,"3500","310306","Reg29(2)","06-Jun-2024, 18-14","06-Jun-2024 18:16","00:01:13"
"NIBL","NRB Industrial Bearings Limited","Jasmine Sahney","03-JUN-2024 to 03-JUN-2024",,"3500","250247","Reg29(2)","06-Jun-2024, 18-12","06-Jun-2024 18:14","00:01:41"
"MANAPPURAM","Manappuram Finance Limited","V. P. Nandakumar","03-JUN-2024 to 03-JUN-2024","200000",,"245654221","Reg29(2)","06-Jun-2024, 18-09","06-Jun-2024 18:10","00:00:38"
"SHALPAINTS","Shalimar Paints Limited","Catalyst Trusteeship Limited","31-MAY-2024 to 31-MAY-2024","5747126",,"41939300","Reg29(2)","06-Jun-2024, 18-07","06-Jun-2024 18:08","00:01:02"
"PONNIERODE","Ponni Sugars (Erode) Limited","Seshasayee paper and Boards Ltd","06-JUN-2024 to 06-JUN-2024","420000",,"2781722","Reg29(2)","06-Jun-2024, 17-49","06-Jun-2024 17:50","00:00:19"
"PASHUPATI","Pashupati Cotspin Limited","Pashupati Texspin Export LLp","04-JUN-2024 to 05-JUN-2024",,"57600","1022400","Reg29(2)","06-Jun-2024, 17-28","06-Jun-2024 17:30","00:01:59"
"TEAMLEASE","Teamlease Services Limited","JP Morgan Asset Management (UK) Limited","30-MAY-2024 to 30-MAY-2024",,"18039","642055","Reg29(2)","06-Jun-2024, 17-24","06-Jun-2024 17:26","00:01:56"
"STEL","Stel Holdings Limited","Harsh Vardhan Goenka, Trustee of Secura India Trust","22-NOV-2023 to 05-JUN-2024","370773",,"12424784","Reg29(2)","06-Jun-2024, 17-19","06-Jun-2024 17:20","00:00:53"
"HGS","Hinduja Global Solutions Limited","Hinduja Group Ltd","04-JUN-2024 to 04-JUN-2024","1160000",,"17479452","Reg29(2)","06-Jun-2024, 15-28","06-Jun-2024 15:28","00:00:05"
"INOXWIND","Inox Wind Limited","Inox Wind Energy Limited","28-MAY-2024 to 28-MAY-2024",,"60000000","441073488","Reg29(2)","06-Jun-2024, 15-14","06-Jun-2024 15:14","00:00:05"
"EASTSUGIND","Eastern Sug & Inds Limited","Pardeep Garg Family Trust","29-MAY-2024 to 29-MAY-2024","57458654",,"57458654","Reg29(1)","06-Jun-2024, 15-11","06-Jun-2024 15:12","00:00:56"
"MWL","Mangalam Worldwide Limited","Om prakash Mangal","28-MAY-2024 to 28-MAY-2024",,"8400","465800","Reg29(2)","06-Jun-2024, 15-04","06-Jun-2024 15:06","00:01:49"
"STEELCITY","Steel City Securities Limited","Dr. PYLA MADHU","28-MAY-2024 to 30-MAY-2024","9400",,"65752","Reg29(2)","06-Jun-2024, 15-02","06-Jun-2024 15:04","00:01:59"
"SULA","Sula Vineyards Limited","Mr. Rajeev Samant","05-JUN-2024 to 05-JUN-2024",,"25000","20728764","Reg29(2)","06-Jun-2024, 15-01","06-Jun-2024 15:02","00:00:25"
"USHAMART","Usha Martin Limited","Nidhi Rajgarhia","30-MAY-2024 to 30-MAY-2024",,"3000","276250","Reg29(2)","06-Jun-2024, 14-59","06-Jun-2024 15:00","00:00:28"
"S&SPOWER","S&S Power Switchgears Limited","Hamilton & Co. Ltd. alongwith PACs","29-MAY-2024 to 29-MAY-2024","4377989",,"7484189","Reg29(2)","06-Jun-2024, 14-53","06-Jun-2024 14:54","00:00:43"
"AMIORG","Ami Organics Limited","Plutus Wealth Management LLP","15-NOV-2022 to 29-MAY-2024","300000","500000","2500000","Reg29(2)","06-Jun-2024, 14-50","06-Jun-2024 14:52","00:01:52"
"INFOBEAN","InfoBeans Techno. Ltd.","Siddharth Sethi","05-JUN-2024 to 05-JUN-2024","200",,"6007600","Reg29(2)","06-Jun-2024, 14-50","06-Jun-2024 14:52","00:01:51"
"INOXWIND","Inox Wind Limited","Inox Wind Energy Limited","28-MAY-2024",,"60000000","441073488","Reg29(2)","06-Jun-2024, 14-47","06-Jun-2024 14:48","00:00:47"
"REMUS","Remus Pharmaceuticals Limited","Renosen Pharmaceuticals Private Ltd","28-MAY-2024 to 28-MAY-2024","525",,"10850","Reg29(2)","06-Jun-2024, 14-45","06-Jun-2024 14:58","00:12:37"
"NAZARA","Nazara Technologies Limited","Plutus Wealth Management LLP alongwith PAC","02-MAY-2024 to 27-MAY-2024","5604408",,"10107580","Reg29(2)","06-Jun-2024, 14-43","06-Jun-2024 14:44","00:00:17"
"HEADSUP","Heads UP Ventures Limited","Mahan Synthetic Textile Private Ltd","28-MAY-2024 to 28-MAY-2024",,"50000","948522","Reg29(2)","06-Jun-2024, 14-40","06-Jun-2024 14:42","00:01:22"
"YASHO","Yasho Industries Limited","Yayesh Vinod Jhaveri","30-MAY-2024 to 30-MAY-2024",,"0","8198190","Reg29(2)","06-Jun-2024, 14-36","06-Jun-2024 14:38","00:01:18"
"DIACABS","Diamond Power Infrastructure Limited","Monarch Infraparks Private Ltd","30-MAY-2024 to 30-MAY-2024",,"1286302","5713698","Reg29(2)","06-Jun-2024, 14-31","06-Jun-2024 14:32","00:01:04"
"GODHA","Godha Cabcon & Insulation Limited","Madhu Devi Godha","31-MAY-2024 to 31-MAY-2024",,"26063477","22183674","Reg29(2)","06-Jun-2024, 13-02","06-Jun-2024 13:04","00:01:22"
"YASHO","Yasho Industries Limited","Dishit Jhaveri","30-MAY-2024 to 30-MAY-2024","0",,"8198190","Reg29(2)","06-Jun-2024, 13-01","06-Jun-2024 13:02","00:00:23"
"POLYPLEX","Polyplex Corporation Limited","Secure Investments Limited","30-MAY-2024 to 31-MAY-2024","1402202",,"6937946","Reg29(2)","06-Jun-2024, 13-00","06-Jun-2024 13:02","00:01:18"
"LOKESHMACH","Lokesh Machines Limited","Mullapudi Lokeswara Rao","30-MAY-2024 to 30-MAY-2024",,"27352","820512","Reg29(2)","06-Jun-2024, 12-57","06-Jun-2024 12:58","00:01:02"
"KAYA","Kaya Limited","Equity Intelligence India Pvt Ltd","29-MAY-2024 to 29-MAY-2024",,"20385","1425871","Reg29(2)","06-Jun-2024, 12-55","06-Jun-2024 12:56","00:00:42"
"SHUBHLAXMI","Shubhlaxmi Jewel Art Limited","Soham Narendrasinh Chauhan","31-MAY-2024 to 31-MAY-2024",,"54000","1224000","Reg29(2)","06-Jun-2024, 12-51","06-Jun-2024 12:52","00:00:59"
"AHLADA","Ahlada Engineers Limited","Chedepudi Suresh Mohan Reddy","31-MAY-2024 to 31-MAY-2024",,"154774","6352322","Reg29(2)","06-Jun-2024, 12-49","06-Jun-2024 12:50","00:00:40"
"PIIND","PI Industries Limited","LIFE Insurance Corporation of India","30-MAY-2024 to 30-MAY-2024","72000",,"7591910","Reg29(1)","06-Jun-2024, 12-49","06-Jun-2024 12:50","00:00:54"
"LOKESHMACH","Lokesh Machines Limited","Cherukuri Srirekha","30-MAY-2024 to 30-MAY-2024","27352",,"227152","Reg29(2)","06-Jun-2024, 12-46","06-Jun-2024 12:48","00:01:17"
"UDS","Updater Services Limited","RAGHUNANDANA TANGIRALA","29-MAY-2024 to 31-MAY-2024","65118",,"16013579","Reg29(2)","06-Jun-2024, 12-44","06-Jun-2024 12:46","00:01:14"
"DIACABS","Diamond Power Infrastructure Limited","GSEC Limited","28-MAY-2024 to 29-MAY-2024",,"1286303","17213697","Reg29(2)","06-Jun-2024, 12-44","06-Jun-2024 12:46","00:01:16"
"ASHOKAMET","Ashoka Metcast Limited","Mita Harshul Shah alongwith PAC","30-MAY-2024 to 31-MAY-2024",,"150000","350000","Reg29(2)","06-Jun-2024, 12-41","06-Jun-2024 12:42","00:01:08"
"SKP","Skp Bearing Industries Limited","Shripada Pankaj Patil","30-MAY-2024 to 31-MAY-2024","11000",,"11001","Reg29(1)","06-Jun-2024, 12-38","06-Jun-2024 12:40","00:01:45"
"SDBL","Som Distilleries & Breweries Limited","Jagdish Kumar Aroora","29-MAY-2024 to 29-MAY-2024","20000",,"68781171","Reg29(2)","06-Jun-2024, 12-36","06-Jun-2024 12:38","00:01:12"
"REMUS","Remus Pharmaceuticals Limited","Renosen Pharmaceuticals Private Ltd","29-MAY-2024 to 29-MAY-2024","200",,"11050","Reg29(2)","06-Jun-2024, 12-36","06-Jun-2024 12:38","00:02:03"
"FSC","Future Supply Chain Solutions Limited","IDBI Trusteeship Services Limited (ITL), in its capacity of a debenture trustee/share pledge trustee","23-MAR-2020 to 23-MAR-2020",,"999000","14189220","Reg29(2)","06-Jun-2024, 12-32","06-Jun-2024 12:34","00:01:23"
"DIACABS","Diamond Power Infrastructure Limited","Monarch Infraparks Private Ltd","28-MAY-2024 to 29-MAY-2024",,"1286302","5713698","Reg29(2)","06-Jun-2024, 12-29","06-Jun-2024 12:30","00:00:14"
"RMDRIP","R M Drip and Sprinklers Systems Limited","Kunal Haresh Mehta","14-MAY-2024 to 14-MAY-2024","3030000",,"3780000","Reg29(2)","06-Jun-2024, 12-29","06-Jun-2024 12:30","00:00:31"
"IMFA","Indian Metals & Ferro Alloys Limited","Fox Consulting Services Pte Ltd","27-MAY-2024 to 27-MAY-2024",,"10416","21903","Reg29(2)","06-Jun-2024, 12-26","06-Jun-2024 12:28","00:01:22"
"KRISHCA","Krishca Strapping Solutions Limited","Lalit Dua","29-MAY-2024 to 29-MAY-2024",,"32000","1131750","Reg29(2)","06-Jun-2024, 12-24","06-Jun-2024 12:24","00:00:04"
"WTICAB","Wise Travel India Limited","RAJASTHAN GLOBAL SECURITIES PRIVATE LIMITED ALONGWITH PAC","29-MAY-2024 to 29-MAY-2024",,"47000","389000","Reg29(2)","06-Jun-2024, 12-21","06-Jun-2024 12:22","00:00:13"
"AARTIDRUGS","Aarti Drugs Limited","Rajendra Vallabhaji Gogri alongwith PAC","22-DEC-2023 to 28-MAY-2024",,"411980","101810","Reg29(2)","06-Jun-2024, 12-20","06-Jun-2024 12:22","00:01:53"
"JASH","Jash Engineering Limited","Axel Schutte","28-MAY-2024 to 28-MAY-2024",,"200000","592807","Reg29(2)","06-Jun-2024, 12-17","06-Jun-2024 12:18","00:00:21"
"PPLPHARMA","Piramal Pharma Limited","Deutsche Bank AG, Mumbai Branch","28-MAY-2024 to 28-MAY-2024","0",,"238663700","Reg29(2)","06-Jun-2024, 12-16","06-Jun-2024 12:18","00:01:46"
"SKP","Skp Bearing Industries Limited","Shrichi Shrinand Palshikar","28-MAY-2024 to 28-MAY-2024","21000",,"21001","Reg29(1)","06-Jun-2024, 12-14","06-Jun-2024 12:16","00:02:01"
"ADFFOODS","ADF Foods Limited","AUTHUM INVESTMENT & INFRASTRUCTURE LIMITED","28-MAY-2024 to 28-MAY-2024","2553566",,"16143693","Reg29(2)","05-Jun-2024, 18-11","05-Jun-2024 18:12","00:00:45"
"KFINTECH","Kfin Technologies Limited","General Atlantic Singapore Fund Pte. Ltd","30-MAY-2023 to 30-MAY-2023",,"10000000","55026100","Reg29(2)","05-Jun-2024, 17-34","05-Jun-2024 17:36","00:01:16"
"FSC","Future Supply Chain Solutions Limited","IDBI Trusteeship Services Limited (ITL), in its capacity of a debenture trustee/share pledge trustee","23-MAR-2020 to 23-MAR-2020",,"999000","14189220","Reg29(2)","05-Jun-2024, 17-33","05-Jun-2024 17:34","00:01:02"
"WTICAB","Wise Travel India Limited","RAJASTHAN GLOBAL SECURITIES PRIVATE LIMITED ALONGWITH PAC","29-MAY-2024 to 29-MAY-2024",,"47000","389000","Reg29(2)","05-Jun-2024, 17-30","05-Jun-2024 17:32","00:01:44"
"AMRUTANJAN","Amrutanjan Health Care Limited","Nageswaramma Private Trust","28-MAY-2024 to 28-MAY-2024",,,"2508000","Reg29(2)","05-Jun-2024, 17-22","05-Jun-2024 17:24","00:01:09"
"PNBHOUSING","PNB Housing Finance Limited","General Atlantic Singapore Fund FII Pte. Ltd.","29-MAY-2024 to 29-MAY-2024",,"5800320","19704104","Reg29(2)","05-Jun-2024, 15-29","05-Jun-2024 15:30","00:01:03"
"IRB","IRB Infrastructure Developers Limited","IRB Holding Private Limited alongwith PAC","30-MAY-2024 to 30-MAY-2024",,"225000000","765578150","Reg29(2)","04-Jun-2024, 19-36","04-Jun-2024 19:38","00:01:39"
"USHAMART","Usha Martin Limited","Peterhouse Investments India Ltd","28-MAY-2024 to 28-MAY-2024",,"200000","14316529","Reg29(2)","04-Jun-2024, 18-32","04-Jun-2024 18:34","00:01:52"
"HATSUN","Hatsun Agro Product Limited","R G Chandramogan","28-MAY-2024 to 28-MAY-2024","29434",,"122241149","Reg29(2)","04-Jun-2024, 18-26","04-Jun-2024 18:28","00:01:27"
"UTTAMSUGAR","Uttam Sugar Mills Limited","Ranjana Chopra","27-MAY-2024 to 27-MAY-2024","262300",,"465601","Reg29(2)","04-Jun-2024, 18-22","04-Jun-2024 18:24","00:01:10"
"SPYL","Shekhawati Poly-Yarn Limited","SKI Buildcon Private Limited","28-MAY-2024 to 28-MAY-2024","2000000",,"33000000","Reg29(1)","04-Jun-2024, 18-21","04-Jun-2024 18:22","00:01:03"
"SPYL","Shekhawati Poly-Yarn Limited","SKI Buildcon Private Limited","28-MAY-2024 to 28-MAY-2024","2000000",,"33000000","Reg29(2)","04-Jun-2024, 18-18","04-Jun-2024 18:20","00:01:13"
"SOMANYCERA","Somany Ceramics Limited","Franklin Templeton Mutual Fund (through its various schemes)","24-MAY-2024 to 24-MAY-2024","2815",,"2051663","Reg29(1)","04-Jun-2024, 18-18","04-Jun-2024 18:18","00:00:06"
"SPYL","Shekhawati Poly-Yarn Limited","Mukesh Ramniranjan Ruia - HUF","28-MAY-2024 to 28-MAY-2024",,"2000000","16000000","Reg29(2)","04-Jun-2024, 18-06","04-Jun-2024 18:08","00:01:40"
"GRASIM","Grasim Industries Limited","Birla Group Holdings Private Limited","24-MAY-2024 to 24-MAY-2024","27809466",,"157782973","Reg29(2)","04-Jun-2024, 17-57","04-Jun-2024 17:58","00:00:39"
"CONCORDBIO","Concord Biotech Limited","1575773 Ontario Inc","28-MAY-2024 to 28-MAY-2024",,"3548211","2092325","Reg29(2)","04-Jun-2024, 17-53","04-Jun-2024 17:54","00:00:09"
"TIMKEN","Timken India Limited","Timken Singapore Pte Ltd.","28-MAY-2024 to 28-MAY-2024",,"5000000","38399988","Reg29(2)","04-Jun-2024, 17-51","04-Jun-2024 17:52","00:00:16"
"YESBANK","Yes Bank Limited","Catalyst Trusteeship Limited","02-MAY-2024 to 02-MAY-2024",,"984000000","864077851","Reg29(2)","04-Jun-2024, 17-48","04-Jun-2024 17:50","00:01:56"
"SEPC","SEPC Limited","Mark AB Welfare Trust alongwith PAC","24-MAY-2024 to 24-MAY-2024","37656904",,"180292857","Reg29(2)","04-Jun-2024, 17-45","04-Jun-2024 17:46","00:00:21"
"SPMLINFRA","SPML Infra Limited","SPML Industries Ltd","23-MAY-2024 to 23-MAY-2024","479504",,,"Reg29(2)","04-Jun-2024, 17-27","04-Jun-2024 17:28","00:01:04"
"PNBHOUSING","PNB Housing Finance Limited","Asia Opportunities V (Mauritius) Limited","29-MAY-2024 to 29-MAY-2024",,"5800320","19849686","Reg29(2)","31-May-2024, 15-53","31-May-2024 15:54","00:00:52"
"CYIENT","Cyient Limited","Amansa Investments Limited, Amansa Holdings Private Limited, Amansa Investments LTD-FDI","23-MAY-2024 to 23-MAY-2024",,"101000","3374471","Reg29(2)","30-May-2024, 21-13","30-May-2024 21:14","00:00:40"
"SAFARI","Safari Industries (India) Limited","Malabar India Fund Limited","28-JUN-2022 to 21-MAY-2024",,"721001","3130425","Reg29(2)","30-May-2024, 21-12","30-May-2024 21:14","00:01:41"
"GOKULAGRO","Gokul Agro Resources Limited","Ritika Infracon Private Limited","24-MAY-2024 to 24-MAY-2024","35000",,"1632200","Reg29(2)","30-May-2024, 21-09","30-May-2024 21:10","00:00:24"
"INDOSTAR","IndoStar Capital Finance Limited","Florintree Tecserv LLP","26-MAY-2024 to 26-MAY-2024","10869565",,"10869565","Reg29(1)","30-May-2024, 21-08","30-May-2024 21:10","00:01:54"
"STEELCITY","Steel City Securities Limited","Dr. PYLA MADHU","23-MAY-2024 to 24-MAY-2024","5052",,"56352","Reg29(2)","30-May-2024, 21-07","30-May-2024 21:08","00:00:50"
"GLAND","Gland Pharma Limited","HDFC Mutual Fund","27-MAY-2024 to 27-MAY-2024","585086",,"8370844","Reg29(1)","30-May-2024, 21-05","30-May-2024 21:06","00:00:39"
"ECLERX","eClerx Services Limited","HDFC Mutual Fund","27-MAY-2024 to 27-MAY-2024","875469",,"4562921","Reg29(2)","30-May-2024, 21-04","30-May-2024 21:06","00:01:29"
"SURANAT&P","Surana Telecom and Power Limited","Narender Surana alongwith PAC","29-JUN-2019 to 27-MAY-2024","340134","3094363","99065738","Reg29(2)","30-May-2024, 20-59","30-May-2024 21:00","00:00:58"
"SKIL","SKIL Infrastructure Limited","Mr. Dilip Madhavji Thakkar alongwith PAC","27-MAY-2024 to 27-MAY-2024","48377",,"16703123","Reg29(2)","30-May-2024, 20-56","30-May-2024 20:58","00:01:42"
"ABCAPITAL","Aditya Birla Capital Limited","Birla Group Holdings Private Limited","24-MAY-2024 to 24-MAY-2024","37444766",,"221950922","Reg29(2)","30-May-2024, 20-55","30-May-2024 20:56","00:00:37"
"KESORAMIND","Kesoram Industries Limited","Birla Group Holdings Private Limited","24-MAY-2024 to 24-MAY-2024","3637913",,"3637913","Reg29(1)","30-May-2024, 20-52","30-May-2024 20:54","00:01:22"
"JAYSREETEA","Jayshree Tea & Industries Limited","Birla Group Holdings Private Limited","24-MAY-2024 to 24-MAY-2024","70000",,"70000","Reg29(1)","30-May-2024, 20-51","30-May-2024 20:52","00:00:18"
"PILANIINVS","Pilani Investment and Industries Corporation Limited","Birla Group Holdings Private Limited","24-MAY-2024 to 24-MAY-2024","3841871",,"3841871","Reg29(1)","30-May-2024, 20-48","30-May-2024 20:50","00:01:28"
"IDEA","Vodafone Idea Limited","Birla Group Holdings Private Limited","24-MAY-2024 to 24-MAY-2024","353798538",,"353798538","Reg29(1)","30-May-2024, 20-47","30-May-2024 20:48","00:00:22"
"ABFRL","Aditya Birla Fashion and Retail Limited","Birla Group Holdings Private Limited","24-MAY-2024 to 24-MAY-2024","65066998",,"236619965","Reg29(2)","30-May-2024, 20-46","30-May-2024 20:48","00:01:13"
"HINDALCO","Hindalco Industries Limited","Birla Group Holdings Private Limited","24-MAY-2024 to 24-MAY-2024","27330360",,"255622668","Reg29(2)","30-May-2024, 20-46","30-May-2024 20:46","00:00:04"
"ULTRACEMCO","UltraTech Cement Limited","Birla Group Holdings Private Limited","24-MAY-2024 to 24-MAY-2024","1",,"4","Reg29(2)","30-May-2024, 20-43","30-May-2024 20:44","00:00:39"
"SUVEN","Suven Life Sciences Limited","Sudharani Jasti","28-MAY-2024 to 28-MAY-2024","1525535",,"1528535","Reg29(2)","30-May-2024, 20-39","30-May-2024 20:40","00:00:27"
"NAZARA","Nazara Technologies Limited","Mitter Infotech LLP","27-MAY-2024 to 27-MAY-2024",,"4884000","5642450","Reg29(2)","30-May-2024, 20-38","30-May-2024 20:40","00:01:13"
"NAZARA","Nazara Technologies Limited","Plutus Wealth Management LLP alongwith PAC","02-MAR-2024 to 27-MAY-2024","5604408",,"10107580","Reg29(2)","30-May-2024, 20-38","30-May-2024 20:40","00:01:58"
"CENTURYTEX","Century Textiles & Industries Limited","Birla Group Holdings Private Limited","24-MAY-2024 to 24-MAY-2024","7560900",,"7560900","Reg29(1)","30-May-2024, 20-34","30-May-2024 20:36","00:01:37"
"INTLCONV","International Conveyors Limited","Surbhit Dabriwala","23-MAY-2024 to 23-MAY-2024",,"2730000","6253980","Reg29(2)","30-May-2024, 20-33","30-May-2024 20:34","00:00:27"
"INTLCONV","International Conveyors Limited","I.G.E (India) Private LTd","23-MAY-2024 to 23-MAY-2024","2730000",,"31700560","Reg29(2)","30-May-2024, 20-32","30-May-2024 20:34","00:01:15"
"SHUBHLAXMI","Shubhlaxmi Jewel Art Limited","Soham Narendrasinh Chauhan","27-MAY-2024 to 27-MAY-2024",,"98000","1333000","Reg29(2)","30-May-2024, 20-22","30-May-2024 20:24","00:01:29"
"PFOCUS","Prime Focus Limited","Sheen Metals and Finvest Private Limited","24-MAY-2024 to 24-MAY-2024","21100000",,"21100000","Reg29(1)","30-May-2024, 20-21","30-May-2024 20:22","00:00:26"
"PRUDENT","Prudent Corporate Advisory Services Limited","TA FDI Investors Ltd","28-MAY-2024 to 28-MAY-2024",,"2916961","0","Reg29(2)","30-May-2024, 20-20","30-May-2024 20:22","00:01:16"
"MWL","Mangalam Worldwide Limited","Omprakash Mangal","24-MAY-2024 to 24-MAY-2024",,"36000","474200","Reg29(2)","29-May-2024, 14-38","29-May-2024 14:40","00:01:12"
"CCCL","Consolidated Construction Consortium Limited","S. Sivaramakrishnan   R. Sarabeswar","24-MAY-2024 to 24-MAY-2024","17307176",,"234909879","Reg29(2)","29-May-2024, 14-36","29-May-2024 14:36","00:00:04"
"JKCEMENT","JK Cement Limited","Smt.Kalpana Singhania","24-MAY-2024 to 24-MAY-2024",,"1000","368200","Reg29(2)","28-May-2024, 19-32","28-May-2024 19:34","00:01:29"
"STARHEALTH","Star Health And Allied Insurance Company Limited","APIS Growth 6 Ltd","23-MAY-2024 to 23-MAY-2024",,"15258134","0","Reg29(2)","28-May-2024, 19-30","28-May-2024 19:32","00:01:23"
"RMDRIP","R M Drip and Sprinklers Systems Limited","Kunal Haresh Mehta","22-APR-2024 to 22-APR-2024","300000",,"750000","Reg29(2)","28-May-2024, 19-28","28-May-2024 19:30","00:01:13"
"THOMASCOTT","Thomas Scott (India) Limited","Brijgopal bang","23-APR-2024 to 23-APR-2024","0",,"3306900","Reg29(2)","28-May-2024, 19-26","28-May-2024 19:26","00:00:05"
"GRSE","Garden Reach Shipbuilders & Engineers Limited","HDFC Mutual Fund","23-MAY-2024 to 23-MAY-2024",,"2531997","3511731","Reg29(2)","28-May-2024, 19-21","28-May-2024 19:22","00:00:07"
"IMFA","Indian Metals & Ferro Alloys Limited","Fox Consulting Services Pvt Ltd","23-MAY-2024 to 23-MAY-2024",,"85692","32319","Reg29(2)","28-May-2024, 19-19","28-May-2024 19:20","00:00:09"
"UDS","Updater Services Limited","RAGHUNANDANA TANGIRALA","24-MAY-2024 to 24-MAY-2024","99282",,"15948461","Reg29(2)","28-May-2024, 19-14","28-May-2024 19:16","00:01:07"
"JKCEMENT","JK Cement Limited","Dr. Nidhipati Singhania","22-MAY-2024 to 22-MAY-2024","1000",,"46728","Reg29(2)","28-May-2024, 19-11","28-May-2024 19:12","00:00:49"
"HUBTOWN","Hubtown Limited","Catalyst Trusteeship Limited","06-FEB-2019 to 24-MAY-2024",,"1786171","2961854","Reg29(2)","28-May-2024, 19-07","28-May-2024 19:08","00:00:41"
"MWL","Mangalam Worldwide Limited","Omprakash Mangal","22-MAY-2024 to 23-MAY-2024",,"72000","510200","Reg29(2)","28-May-2024, 14-36","28-May-2024 14:38","00:01:36"
"GOKULAGRO","Gokul Agro Resources Limited","Ritika Infracon Private Ltd along with pac","23-MAY-2024 to 23-MAY-2024","34900",,"108661974","Reg29(2)","28-May-2024, 14-31","28-May-2024 14:32","00:00:55"
"JASH","Jash Engineering Limited","Rhutvik Patel","22-MAY-2024 to 23-MAY-2024",,"3205","18758","Reg29(2)","28-May-2024, 12-53","28-May-2024 12:54","00:00:18"
"APOLLOTYRE","Apollo Tyres Limited","Emerald Sage Investment Ltd","22-MAY-2024 to 22-MAY-2024",,"22474903","63050966","Reg29(2)","28-May-2024, 12-50","28-May-2024 12:52","00:02:01"
"APOLLOTYRE","Apollo Tyres Limited","White Iris Investment Ltd","22-MAY-2024 to 22-MAY-2024",,"22474903","63050966","Reg29(2)","28-May-2024, 12-47","28-May-2024 12:48","00:00:55"
"APOLLOTYRE","Apollo Tyres Limited","White Iris Investment Ltd","22-MAY-2024 to 22-MAY-2024",,"22474903","63050966","Reg29(2)","28-May-2024, 12-39","28-May-2024 12:40","00:01:02"
"MEP","MEP Infrastructure Developers Limited","A J Tolls Private Limited","19-APR-2024 to 19-APR-2024",,"100000","14650432","Reg29(2)","28-May-2024, 12-34","28-May-2024 12:36","00:01:34"
"APOLLOTYRE","Apollo Tyres Limited","Emerald Sage Investment Ltd","22-MAY-2024 to 22-MAY-2024",,"22474903","63050966","Reg29(2)","28-May-2024, 12-27","28-May-2024 12:28","00:00:53"
"SEPC","SEPC Limited","SBICAP  Trustee Company Ltd","22-MAY-2024 to 22-MAY-2024",,"37656904","0","Reg29(2)","28-May-2024, 12-17","28-May-2024 12:18","00:00:27"
"USHAMART","Usha Martin Limited","Nidhi Rajgarhia","22-MAY-2024 to 22-MAY-2024",,"2000","279250","Reg29(2)","28-May-2024, 12-14","28-May-2024 12:16","00:01:25"
"IBREALEST","Indiabulls Real Estate Limited","Bellanza Developers Private Limited","21-MAY-2024 to 21-MAY-2024","896781",,"896781","Reg29(2)","28-May-2024, 12-10","28-May-2024 12:12","00:01:16"
"GESHIP","The Great Eastern Shipping Company Limited","nalanda india Equity Fund Ltd","22-MAY-2024 to 22-MAY-2024",,"543958","4250419","Reg29(2)","28-May-2024, 11-51","28-May-2024 11:52","00:01:01"
"APTUS","Aptus Value Housing Finance India Limited","Westbridge Crossover Fund LLC","21-MAY-2024 to 21-MAY-2024",,"24773019","147177233","Reg29(2)","28-May-2024, 11-42","28-May-2024 11:44","00:01:13"
"APTUS","Aptus Value Housing Finance India Limited","JIH II, LLC","21-MAY-2024 to 21-MAY-2024",,"10153093","0","Reg29(2)","28-May-2024, 11-35","28-May-2024 11:36","00:00:45"
"DRREDDY","Dr. Reddy's Laboratories Limited","APS Trust","22-MAY-2024 to 22-MAY-2024",,"34345308","0","Reg29(2)","27-May-2024, 19-35","27-May-2024 19:36","00:00:39"
"DRREDDY","Dr. Reddy's Laboratories Limited","K Satish Reddy and G V Prasad alongwith PACs","22-MAY-2024 to 22-MAY-2024","34345308",,"44461128","Reg29(2)","27-May-2024, 19-33","27-May-2024 19:34","00:00:42"
"STEELCITY","Steel City Securities Limited","Satish Kumar Arya","21-MAY-2024 to 23-MAY-2024","7000",,"1655209","Reg29(2)","27-May-2024, 19-27","27-May-2024 19:28","00:00:22"
"BBL","Bharat Bijlee Limited","Hardik  B Patel","21-MAY-2024 to 21-MAY-2024",,"25000","562910","Reg29(2)","27-May-2024, 19-24","27-May-2024 19:26","00:01:58"
"IBREALEST","Indiabulls Real Estate Limited","NCL SG Holdings Pte. Ltd.","21-MAY-2024 to 21-MAY-2024","33629271",,"33629271","Reg29(1)","27-May-2024, 19-20","27-May-2024 19:22","00:01:07"
"SHALPAINTS","Shalimar Paints Limited","Catalyst Trusteeship Limited","21-MAY-2024 to 21-MAY-2024","18146429",,"36192174","Reg29(2)","27-May-2024, 19-18","27-May-2024 19:20","00:01:24"
"NAVA","NAVA LIMITED","Raj Family Trust (represented by Devineni Ashok, Managing Trustee and Rajashree Pinnamaneni, Trustee)","22-MAY-2024 to 22-MAY-2024","7077200",,"7077200","Reg29(2)","27-May-2024, 19-16","27-May-2024 19:18","00:01:43"
"NAVA","NAVA LIMITED","Devineni Bhakata Priya","22-MAY-2024 to 22-MAY-2024",,"7077200","2741610","Reg29(2)","27-May-2024, 19-12","27-May-2024 19:14","00:01:16"
"NAUKRI","Info Edge (India) Limited","Axis Mutual Fund (through Scheme of Axis Mutual Fund)","21-MAY-2024 to 21-MAY-2024",,"165687","3810188","Reg29(2)","27-May-2024, 19-09","27-May-2024 19:10","00:00:35"
"USHAMART","Usha Martin Limited","Peterhouse Investments India Ltd","21-MAY-2024 to 22-MAY-2024",,"200000","14516529","Reg29(2)","27-May-2024, 19-06","27-May-2024 19:08","00:01:52"
"SKIL","SKIL Infrastructure Limited","Mr. Dilip Madhavji Thakkar alongwith PAC","13-MAY-2024 to 13-MAY-2024","25616",,"16654746","Reg29(2)","27-May-2024, 19-04","27-May-2024 19:06","00:01:58"
"APTUS","Aptus Value Housing Finance India Limited","SBI Mutual Fund under its various schemes","21-MAY-2024 to 21-MAY-2024","18232992",,"37772090","Reg29(1)","27-May-2024, 19-00","27-May-2024 19:02","00:01:58"
"SHERA","Shera Energy Limited","SUMIT SINGH","21-MAY-2024 to 21-MAY-2024",,"1000","9000","Reg29(2)","27-May-2024, 18-53","27-May-2024 18:54","00:00:15"
"BHAGCHEM","Bhagiradha Chemicals & Industries Limited","Singavarapu Chandra Sekhar","10-MAY-2024 to 10-MAY-2024","550520",,"16452460","Reg29(2)","27-May-2024, 18-49","27-May-2024 18:50","00:00:36"
"SOLEX","Solex Energy Limited","Chetan Sureshchandra shah","13-MAY-2024 to 13-MAY-2024","100030",,"589965","Reg29(2)","27-May-2024, 17-56","27-May-2024 17:58","00:02:01"
"IDEA","Vodafone Idea Limited","Oriana Investments Pte Ltd","22-MAY-2024 to 22-MAY-2024","1395427034",,"4388598920","Reg29(2)","27-May-2024, 17-26","27-May-2024 17:28","00:01:53"
"IDEA","Vodafone Idea Limited","Oriana Investments Pte Ltd","22-MAY-2024 to 22-MAY-2024","1395427034",,"4388598920","Reg29(1)","27-May-2024, 17-24","27-May-2024 17:26","00:01:50"
"TEXINFRA","Texmaco Infrastructure & Holdings Limited","Hardik  B Patel","16-MAY-2024 to 16-MAY-2024",,"1020766","11435267","Reg29(2)","24-May-2024, 12-46","24-May-2024 12:48","00:01:49"
"ARTEMISMED","Artemis Medicare Services Limited","International Finance Corporation","16-MAY-2024 to 16-MAY-2024","33000",,"33000","Reg29(1)","24-May-2024, 12-45","24-May-2024 12:46","00:00:41"
"KIRLPNU","Kirloskar Pneumatic Company Limited","Kirloskar Systems Private Limited","18-MAY-2024 to 18-MAY-2024","2010",,"2010","Reg29(2)","24-May-2024, 12-44","24-May-2024 12:46","00:01:30"
"ABSMARINE","ABS Marine Services Limited","RAJASTHAN GLOBAL SECURITIES PVT. LTD. alongwith PACs","21-MAY-2024 to 21-MAY-2024","676000",,"3070000","Reg29(1)","24-May-2024, 12-43","24-May-2024 12:44","00:00:21"
"RBA","Restaurant Brands Asia Limited","Nippon Life India Trustee Limited A/c through various schemes of Nippon India Mutual Fund","04-DEC-2020 to 17-MAY-2024","2865072",,"26008229","Reg29(1)","24-May-2024, 12-42","24-May-2024 12:44","00:01:08"
"JASH","Jash Engineering Limited","Chintan Patel","17-MAY-2024 to 17-MAY-2024",,"5000","221796","Reg29(2)","24-May-2024, 12-42","24-May-2024 12:44","00:01:56"
"USHAMART","Usha Martin Limited","Nidhi Rajgarhia","18-MAY-2024 to 18-MAY-2024",,"4000","281250","Reg29(2)","21-May-2024, 17-53","21-May-2024 17:54","00:00:56"
"VERANDA","Veranda Learning Solutions Limited","Catalyst Trusteeship Limited","15-MAY-2024 to 15-MAY-2024","3096378",,"14169855","Reg29(2)","21-May-2024, 17-52","21-May-2024 17:54","00:01:43"
"JASH","Jash Engineering Limited","Patamin Investments Private Limited","16-MAY-2024 to 17-MAY-2024",,"7500","515300","Reg29(2)","21-May-2024, 17-51","21-May-2024 17:52","00:00:38"
"CCCL","Consolidated Construction Consortium Limited","S. Sivaramakrishnan and R. Sarabeswar","17-MAY-2024 to 17-MAY-2024","53539765",,"217602703","Reg29(2)","21-May-2024, 17-50","21-May-2024 17:52","00:01:24"
"KIRLOSENG","Kirloskar Oil Engines Limited","Kirloskar Systems Private Limited","16-MAY-2024 to 16-MAY-2024","2070",,"2070","Reg29(2)","21-May-2024, 17-49","21-May-2024 17:50","00:00:16"
"MWL","Mangalam Worldwide Limited","Omprakash mangal","15-MAY-2024 to 16-MAY-2024",,"68400","582200","Reg29(2)","21-May-2024, 17-49","21-May-2024 17:50","00:01:04"
"HUBTOWN","Hubtown Limited","Catalyst trusteeship ltd","05-FEB-2019 to 15-MAY-2024",,"2015000","2733025","Reg29(2)","21-May-2024, 17-48","21-May-2024 17:50","00:01:58"
"USHAMART","Usha Martin Limited","Peterhouse investments India Ltd","16-MAY-2024 to 17-MAY-2024",,"170000","14716529","Reg29(2)","21-May-2024, 17-47","21-May-2024 17:48","00:00:49"
"WANBURY","Wanbury Limited","SBICAP Trustee Company Limited (STCL)","15-MAY-2024 to 15-MAY-2024","85000",,"9998304","Reg29(2)","21-May-2024, 17-46","21-May-2024 17:48","00:01:32"
"RMDRIP","R M Drip and Sprinklers Systems Limited","Kunal Haresh Mehta","14-MAY-2024 to 14-MAY-2024","3030000",,"3780000","Reg29(2)","21-May-2024, 17-45","21-May-2024 17:46","00:00:29"
"RMDRIP","R M Drip and Sprinklers Systems Limited","Petel Mayankkumar Dipakbhai alongwith PAC","14-MAY-2024 to 14-MAY-2024","630000",,"630000","Reg29(2)","21-May-2024, 17-44","21-May-2024 17:46","00:01:17"
"RMDRIP","R M Drip and Sprinklers Systems Limited","Shaila Sakharam Kedar","14-MAY-2024 to 14-MAY-2024","820000",,"1524000","Reg29(2)","21-May-2024, 17-44","21-May-2024 17:46","00:02:00"
"USHAMART","Usha Martin Limited","Peterhouse Investments India Limited","15-MAY-2024 to 15-MAY-2024",,"130000","14886529","Reg29(2)","21-May-2024, 17-43","21-May-2024 17:44","00:00:48"
"PVRINOX","PVR INOX Limited","Prudential plc and its subsidiary companies","10-MAY-2024 to 10-MAY-2024","175336",,"5049573","Reg29(1)","21-May-2024, 16-57","21-May-2024 16:58","00:00:49"
"PVRINOX","PVR INOX Limited","ICICI Prudential Mutual Fund","05-APR-2024 to 15-MAY-2024","2056822",,"6973961","Reg29(2)","16-May-2024, 20-19","16-May-2024 20:20","00:00:44"
"HSCL","Himadri Speciality Chemical Limited","Amit Choudhary","14-MAY-2024 to 14-MAY-2024","4000000",,"4000000","Reg29(2)","16-May-2024, 20-14","16-May-2024 20:16","00:01:11"
"RMDRIP","R M Drip and Sprinklers Systems Limited","Nivrutti Pandurang Kedar alongwith PAC","14-MAY-2024 to 14-MAY-2024","0",,"2711027","Reg29(2)","16-May-2024, 16-32","16-May-2024 16:34","00:01:49"
"LLOYDSENGG","LLOYDS ENGINEERING WORKS LIMITED","Renu R Gupta","15-MAY-2024 to 15-MAY-2024",,"58471","14249","Reg29(2)","16-May-2024, 16-31","16-May-2024 16:32","00:00:47"
"RMDRIP","R M Drip and Sprinklers Systems Limited","Hitesh N Kawa alongwith PAC","14-MAY-2024 to 14-MAY-2024","0",,"4874000","Reg29(2)","16-May-2024, 16-30","16-May-2024 16:32","00:01:44"
"HINDZINC","Hindustan Zinc Limited","Axis Trustee Services Limited (as the debenture trustee)","14-MAY-2024 to 14-MAY-2024","42790960",,"366002818","Reg29(2)","16-May-2024, 16-29","16-May-2024 16:30","00:00:41"
"HEADSUP","Heads UP Ventures Limited","Purushottam Chhaganlal Mandhana (HUF)","14-MAY-2024 to 14-MAY-2024",,"562","682770","Reg29(2)","16-May-2024, 16-28","16-May-2024 16:30","00:01:30"
"LLOYDSENGG","LLOYDS ENGINEERING WORKS LIMITED","Ravi Agarwal","15-MAY-2024 to 15-MAY-2024","58471",,"58471","Reg29(2)","16-May-2024, 16-27","16-May-2024 16:28","00:00:28"
"ERIS","Eris Lifesciences Limited","HDFC Mutual Fund","14-MAY-2024 to 14-MAY-2024","2721065",,"9696364","Reg29(2)","16-May-2024, 16-26","16-May-2024 16:28","00:01:23"
"MWL","Mangalam Worldwide Limited","Omprakash mangal","13-MAY-2024 to 14-MAY-2024",,"74400","650600","Reg29(2)","16-May-2024, 16-25","16-May-2024 16:26","00:00:18"
"INFY","Infosys Limited","Bhairavi Madhusudhan Shibulal","15-MAY-2024 to 15-MAY-2024",,"361302","5660414","Reg29(2)","16-May-2024, 12-32","16-May-2024 12:34","00:01:42"
"RATNAMANI","Ratnamani Metals & Tubes Limited","HSBC Mutual Fund","13-MAY-2024 to 13-MAY-2024",,"190121","2234668","Reg29(2)","15-May-2024, 20-21","15-May-2024 20:22","00:00:44"
"INDGN","Indegene Limited","Deutsche Bank AG, Singapore Branch (as security agent)","13-MAY-2024 to 13-MAY-2024","34739187",,"34739187","Reg29(1)","15-May-2024, 20-20","15-May-2024 20:22","00:01:28"
"CIPLA","Cipla Limited","Okasa Pharma Private Limited","15-MAY-2024 to 15-MAY-2024",,"189375","0","Reg29(2)","15-May-2024, 12-20","15-May-2024 12:22","00:01:37"
"ASTEC","Astec LifeSciences Limited","ICICI Prudential Mutual Fund","01-AUG-2023 to 13-MAY-2024",,"396042","620187","Reg29(2)","14-May-2024, 21-00","14-May-2024 21:02","00:01:20"
"ASHOKAMET","Ashoka Metcast Limited","Mita Harshul Shah","13-MAY-2024 to 13-MAY-2024",,"250000","500000","Reg29(2)","14-May-2024, 20-59","14-May-2024 21:00","00:00:14"
"SKIL","SKIL Infrastructure Limited","Dilip Madhavji Thakkar","13-MAY-2024 to 13-MAY-2024","22800",,"16629130","Reg29(2)","14-May-2024, 20-59","14-May-2024 21:00","00:01:01"
"JINDALSAW","Jindal Saw Limited","Shradha Jatia","10-MAY-2024 to 10-MAY-2024","18700",,"881996","Reg29(2)","14-May-2024, 13-09","14-May-2024 13:10","00:00:48"
"INDIAMART","Indiamart Intermesh Limited","Arisaig Partners (Asia) Pte Ltd, Investment Manager","10-MAY-2024 to 10-MAY-2024",,"90000","1827704","Reg29(2)","14-May-2024, 13-08","14-May-2024 13:10","00:01:41"
"CCCL","Consolidated Construction Consortium Limited","S. Sivaramakrishnan and R. Sarabeswar.","09-MAY-2024 to 09-MAY-2024","116949462",,"164062938","Reg29(2)","14-May-2024, 13-07","14-May-2024 13:08","00:00:39"
"MWL","Mangalam Worldwide Limited","Om Prakash Mangal","10-MAY-2024 to 10-MAY-2024",,"24000","725000","Reg29(2)","14-May-2024, 13-06","14-May-2024 13:08","00:01:32"
"LLOYDSENGG","LLOYDS ENGINEERING WORKS LIMITED","Mukeh R Gupta","10-MAY-2024 to 10-MAY-2024","43002",,"50514","Reg29(2)","14-May-2024, 13-05","14-May-2024 13:06","00:00:30"
"BLUEPEBBLE","Blue Pebble Limited","RAJASTHAN GLOBAL SECURITIES PVT.LTD","10-MAY-2024 to 10-MAY-2024",,"20000","113600","Reg29(2)","14-May-2024, 13-04","14-May-2024 13:06","00:01:23"
"MWL","Mangalam Worldwide Limited","Omprakash mangal","09-MAY-2024 to 09-MAY-2024",,"39600","749000","Reg29(2)","14-May-2024, 13-03","14-May-2024 13:04","00:00:15"